Name,Scholar Link,DOI,Bibtex,PDF Name,Year,Scholar page,Journal,Downloaded,Downloaded from,Authors
Empowering individuals with psychiatric disabilities to work: Results of a randomized trial.,,10.1037/prj0000303,True,,2018,,Psychiatric Rehabilitation Journal,False,,"Russinova, Zlatka and Gidugu, Vasudha and Bloch, Philippe and Restrepo-Toro, Maria and Rogers, E. Sally"
The impact of co‐location employment partnerships within the Australian mental health service and policy context: A systematic review,,10.1111/inm.13007,True,,2022,,International Journal of Mental Health Nursing,False,,"Mallick, Sue and Islam, Md Shahidul"
Competitive Employment Outcomes Among Veterans in VHA Therapeutic and Supported Employment Services Programs,,10.1176/appi.ps.201600412,True,Competitive Employment Outcomes Among Veterans in VHA Therapeutic and Supported Employment Services Programs.pdf,2017,,Psychiatric Services,True,SciHub,"Abraham, Kristen M. and Yosef, Matheos and Resnick, Sandra G. and Zivin, Kara"
Program evaluation of a community organization offering supported employment services for adults with autism,,10.1016/j.rasd.2021.101741,True,Program evaluation of a community organization offering supported employment services for adults with autism.pdf,2021,,Research in Autism Spectrum Disorders,True,SciHub,"Martin, Val√©rie and Lanovaz, Marc J."
Preventing sickness absenteeism among employees with common mental disorders or stress-related symptoms at work: Design of a cluster randomized controlled trial of a problem-solving based intervention versus care-as-usual conducted at the Occupational Health Services,,10.1186/s12889-017-4329-1,True,,2017,,BMC Public Health,False,,"Bergström, G. and Lohela-Karlsson, M. and Kwak, L. and Bodin, L. and Jensen, I. and Torgén, M. and Nybergh, L."
Long-Term Effects of Evidence-Based Supported Employment on Earnings and on SSI and SSDI Participation Among Individuals With Psychiatric Disabilities,,10.1176/appi.ajp.2016.15101359,True,Long-Term Effects of Evidence-Based Supported Employment on Earnings and on SSI and SSDI Participation Among Individuals With Psychiatric Disabilities.pdf,2016,,American Journal of Psychiatry,True,SciHub,"Cook, Judith A. and Burke-Miller, Jane K. and Roessel, Emily"
Implementation of evidence-based supported employment in regional Australia.,,10.1037/prj0000051,True,Implementation of evidence-based supported employment in regional Australia..pdf,2014,,Psychiatric Rehabilitation Journal,True,SciHub,"Morris, Adrienne and Waghorn, Geoffrey and Robson, Emma and Moore, Lyndell and Edwards, Emma"
Predictors of employment for transition-aged youth with co-occurring substance use disorder and psychiatric disorder in the state vocational rehabilitation service-delivery system.,,10.1037/prj0000556,True,,2023,,Psychiatric Rehabilitation Journal,False,,"Peterson, Sonia and Alkhadim, Ghadah S."
Process evaluation of a problem solving intervention to prevent recurrent sickness absence in workers with common mental disorders,,10.1016/j.socscimed.2013.10.041,True,Process evaluation of a problem solving intervention to prevent recurrent sickness absence in workers with common mental disorders.pdf,2014,,Social Science &amp; Medicine,True,SciHub,"Arends, Iris and Bültmann, Ute and Nielsen, Karina and van Rhenen, Willem and de Boer, Michiel R. and van der Klink, Jac J.L."
Effectiveness of a Blended Web-Based Intervention on Return to Work for Sick-Listed Employees With Common Mental Disorders: Results of a Cluster Randomized Controlled Trial,,10.2196/jmir.4097,True,,2015,,Journal of Medical Internet Research,False,,"Volker, DaniÃ«lle and Zijlstra-Vlasveld, Moniek C and Anema, Johannes R and Beekman, Aartjan TF and Brouwers, Evelien PM and Emons, Wilco HM and van Lomwel, A Gijsbert C and van der Feltz-Cornelis, Christina M"
Preventing sickness absence among employees with common mental disorders or stress-related symptoms at work: a cluster randomised controlled trial of a problem-solving-based intervention conducted by the Occupational Health Services,,10.1136/oemed-2019-106353,True,Preventing sickness absence among employees with common mental disorders or stress-related symptoms at work_ a cluster randomised controlled trial of a problem-solving-based intervention conducted by the Occupational Health Services.pdf,2020,,Occupational and Environmental Medicine,True,SciHub,"Keus van de Poll, Marijke and Nybergh, Lotta and Lornudd, Caroline and Hagberg, Jan and Bodin, Lennart and Kwak, Lydia and Jensen, Irene and Lohela-Karlsson, Malin and Torgén, Margareta and Bergstrom, Gunnar"
Cost-Effectiveness of a Problem-Solving Intervention Aimed to Prevent Sickness Absence among Employees with Common Mental Disorders or Occupational Stress,,10.3390/ijerph17145234,True,Cost-Effectiveness of a Problem-Solving Intervention Aimed to Prevent Sickness Absence among Employees with Common Mental Disorders or Occupational Stress.pdf,2020,,International Journal of Environmental Research and Public Health,True,SciHub,"Keus Van De Poll, Marijke and Bergstr√∂m, Gunnar and Jensen, Irene and Nybergh, Lotta and Kwak, Lydia and Lornudd, Caroline and Lohela-Karlsson, Malin"
"Social cognition and social problem solving skills training to
                        improve job functioning and tenure in veterans with psychotic
                        disorders.",,10.1037/prj0000518,True,,2022,,Psychiatric Rehabilitation Journal,False,,"Kern, Robert S. and Reddy, L. Felice and Horan, William P. and Glynn, Shirley M. and Stigers, Peter J. and Sugar, Catherine A. and Green, Michael F."
A multi‐site randomised controlled trial of evidence‐based supported employment for adults with severe and persistent mental illness,,10.1111/1440-1630.12148,True,A multi_site randomised controlled trial of evidence_based supported employment for adults with severe and persistent mental illness.pdf,2014,,Australian Occupational Therapy Journal,True,SciHub,"Waghorn, Geoffrey and Dias, Shannon and Gladman, Beverley and Harris, Meredith and Saha, Sukanta"
The effect of military sexual trauma on competitive employment status following veterans health administration supported employment services.,,10.1037/ser0000635,True,,2023,,Psychological Services,False,,"Gross, Georgina M. and Kaczynski, Richard and Resnick, Sandra"
Employment Outcomes of a Distance Learning System for Formerly Incarcerated Veterans With Mental Illness,,10.1176/appi.ps.20230408,True,,2024,,Psychiatric Services,False,,"LePage, James P. and Walters, Scott T. and Cipher, Daisha J. and Crawford, April M. and Washington, Edward L."
A Controlled Trial of Supported Employment for People With Severe Mental Illness and Justice Involvement,,10.1176/appi.ps.201400510,True,A Controlled Trial of Supported Employment for People With Severe Mental Illness and Justice Involvement.pdf,2015,,Psychiatric Services,True,SciHub,"Bond, Gary R. and Kim, Sunny Jung and Becker, Deborah R. and Swanson, Sarah J. and Drake, Robert E. and Krzos, Izabela M. and Fraser, Virginia V. and O’Neill, Sheila and Frounfelker, Rochelle L."
Supported employment adapted for people with affective disorders—A randomized controlled trial,,10.1016/j.jad.2016.08.028,True,Supported employment adapted for people with affective disorders_A randomized controlled trial.pdf,2017,,Journal of Affective Disorders,True,SciHub,"Bejerholm, Ulrika and Larsson, Maria E. and Johanson, Suzanne"
Long-Term Follow-Up of a Randomized Trial of Supported Employment for SSDI Beneficiaries With Mental Illness,,10.1176/appi.ps.201800554,True,Long-Term Follow-Up of a Randomized Trial of Supported Employment for SSDI Beneficiaries With Mental Illness.pdf,2020,,Psychiatric Services,True,SciHub,"Baller, Julia B. and Blyler, Crystal R. and Bronnikov, Svetlana and Xie, Haiyi and Bond, Gary R. and Filion, Kai and Hale, Thomas"
The effects of an interdisciplinary employment program on paid employment and mental health among persons with severe mental disorders,,10.1007/s00420-023-02039-7,True,,2024,,International Archives of Occupational and Environmental Health,False,,"Hijdra, R. W. and Robroek, S. J. W. and Sadigh, Y. and Burdorf, A. and Schuring, M."
"Return to work of workers without a permanent employment contract, sick-listed due to a common mental disorder: design of a randomised controlled trial",,10.1186/1471-2458-14-594,True,Return to work of workers without a permanent employment contract_ sick-listed due to a common mental disorder_ design of a randomised controlled trial.pdf,2014,,BMC Public Health,True,SciHub,"Lammerts, Lieke and Vermeulen, Sylvia J and Schaafsma, Frederieke G and van Mechelen, Willem and Anema, Johannes R"
Long-Term Effectiveness of Supported Employment: 5-Year Follow-Up of a Randomized Controlled Trial,,10.1176/appi.ajp.2014.13070857,True,Long-Term Effectiveness of Supported Employment_ 5-Year Follow-Up of a Randomized Controlled Trial.pdf,2014,,American Journal of Psychiatry,True,SciHub,"Hoffmann, Holger and Jäckel, Dorothea and Glauser, Sybille and Mueser, Kim T. and Kupper, Zeno"
"Systematic review and meta-analysis of interventions aimed at enhancing return to work for sick-listed workers with common mental disorders, stress-related disorders, somatoform disorders and personality disorders",,10.1136/oemed-2018-105073,True,Systematic review and meta-analysis of interventions aimed at enhancing return to work for sick-listed workers with common mental disorders_ stress-related disorders_ somatoform disorders and personality disorders.pdf,2018,,Occupational and Environmental Medicine,True,SciHub,"Mikkelsen, Mai Bjørnskov and Rosholm, Michael"
"Vocational Outcomes of the Individual Placement and Support Model in Subgroups of Diagnoses, Substance Abuse, and Forensic Conditions: A Systematic Review and Analysis of Pooled Original Data",,10.1007/s10926-021-09960-z,True,Vocational Outcomes of the Individual Placement and Support Model in Subgroups of Diagnoses_ Substance Abuse_ and Forensic Conditions_ A Systematic Review and Analysis of Pooled Original Data.pdf,2021,,Journal of Occupational Rehabilitation,True,SciHub,"Hellström, Lone and Pedersen, Pernille and Christensen, Thomas Nordahl and Wallstroem, Iben Gammelgaard and Bojesen, Anders Bo and Stenager, Elsebeth and Bejerholm, Ulrika and van Busschbach, Jooske and Michon, Harry and Mueser, Kim T. and Reme, Silje Endresen and White, Sarah and Eplov, Lene Falgaard"
The societal impact of individual placement and support implementation on employment outcomes for young adults receiving temporary health-related welfare benefits: a difference-in-differences study,,10.1017/S0033291723003744,True,,2024,,Psychological Medicine,False,,"Brinchmann, Beate and Wittlund, Sina and Lorentzen, Thomas and Moe, Cathrine and McDaid, David and Killackey, Eoin and Rinaldi, Miles and Mykletun, Arnstein"
Does â€œIndividual Placement and Supportâ€ Satisfy the Usersâ€™ Needs?,,10.3389/fpubh.2015.00160,True,Does â_œIndividual Placement and Supportâ__ Satisfy the Usersâ__ Needs_.pdf,2015,,Frontiers in Public Health,True,SciHub,"Viering, Sandra and JÃ¤ger, Matthias and Nordt, Carlos and BÃ¼hler, Franziska and BÃ¤rtsch, Bettina and Leimer, HansjÃ¶rg and Sommerfeld, Peter and RÃ¶ssler, Wulf and Kawohl, Wolfram"
Formal plan for self‐disclosure enhances supported employment outcomes among young people with severe mental illness,,10.1111/eip.12196,True,Formal plan for self_disclosure enhances supported employment outcomes among young people with severe mental illness.pdf,2014,,Early Intervention in Psychiatry,True,SciHub,"McGahey, Ellie and Waghorn, Geoffrey and Lloyd, Chris and Morrissey, Shirley and Williams, Philip Lee"
Predictors of Return to Work for People with Anxiety or Depression Participating in a Randomized Trial Investigating the Effect of a Supported Employment Intervention,,10.1007/s10926-022-10046-7,True,,2022,,Journal of Occupational Rehabilitation,False,,"Hellström, Lone and Christensen, Thomas Nordahl and Bojesen, Anders Bo and Eplov, Lene Falgaard"
Compensatory cognitive training for people with severe mental illnesses in supported employment: A randomized controlled trial,,10.1016/j.schres.2017.08.005,True,Compensatory cognitive training for people with severe mental illnesses in supported employment_ A randomized controlled trial.pdf,2019,,Schizophrenia Research,True,SciHub,"Twamley, Elizabeth W. and Thomas, Kelsey R. and Burton, Cynthia Z. and Vella, Lea and Jeste, Dilip V. and Heaton, Robert K. and McGurk, Susan R."
The Impact of Job Accommodations on Employment Outcomes Among Individuals With Psychiatric Disabilities,,10.1176/appi.ps.201300267,True,The Impact of Job Accommodations on Employment Outcomes Among Individuals With Psychiatric Disabilities.pdf,2014,,Psychiatric Services,True,SciHub,"Chow, Clifton M. and Cichocki, Benjamin and Croft, Bevin"
Predicting Employment in the Mental Health Treatment Study: Do Client Factors Matter?,,10.1007/s10488-016-0774-x,True,Predicting Employment in the Mental Health Treatment Study_ Do Client Factors Matter_.pdf,2016,,Administration and Policy in Mental Health and Mental Health Services Research,True,SciHub,"Metcalfe, Justin D. and Drake, Robert E. and Bond, Gary R."
The methods and baseline characteristics of a VA randomized controlled study evaluating supported employment provided in primary care patient aligned care teams,,10.1186/s12874-020-0919-1,True,The methods and baseline characteristics of a VA randomized controlled study evaluating supported employment provided in primary care patient aligned care teams.pdf,2020,,BMC Medical Research Methodology,True,SciHub,"Davis, Lori L. and Blansett, Catherine M. and Mumba, Mercy N. and MacVicar, David and Toscano, Richard and Pilkinton, Patricia and Gay, Whitney and Bartolucci, Al"
The impact of psychotic disorders and co-morbid substance abuse on vocational rehabilitation: results from an Australian national survey of psychosis,,10.1177/0308022616631547,True,The impact of psychotic disorders and co-morbid substance abuse on vocational rehabilitation_ results from an Australian national survey of psychosis.pdf,2016,,British Journal of Occupational Therapy,True,SciHub,"Waghorn, Geoff and Hielscher, Emily and Atyeo, James and Saha, Sukanta"
Effect on return to work or education of Individual Placement and Support modified for people with mood and anxiety disorders: results of a randomised clinical trial,,10.1136/oemed-2016-104248,True,Effect on return to work or education of Individual Placement and Support modified for people with mood and anxiety disorders_ results of a randomised clinical trial.pdf,2017,,Occupational and Environmental Medicine,True,SciHub,"Hellström, Lone and Bech, Per and Hjorthøj, Carsten and Nordentoft, Merete and Lindschou, Jane and Eplov, Lene Falgaard"
Evaluation of Individual Placement and Support at Three Community Mental Health Centers in California,,10.1007/s10488-023-01326-2,True,,2023,,Administration and Policy in Mental Health and Mental Health Services Research,False,,"Metcalfe, Justin D. and Reese, Sandra L. and Drake, Robert E."
Prevention of recurrent sickness absence in workers with common mental disorders: results of a cluster-randomised controlled trial,,10.1136/oemed-2013-101412,True,Prevention of recurrent sickness absence in workers with common mental disorders_ results of a cluster-randomised controlled trial.pdf,2013,,Occupational and Environmental Medicine,True,SciHub,"Arends, Iris and van der Klink, Jac J L and van Rhenen, Willem and de Boer, Michiel R and Bültmann, Ute"
Individual Placement and Support (IPS) beyond severe mental health: An overview review and meta-analysis of evidence around vocational outcomes,,10.1016/j.pmedr.2024.102786,True,,2024,,Preventive Medicine Reports,False,,"Whitworth, Adam and Baxter, Susan and Cullingworth, Jane and Clowes, Mark"
Cognitive remediation to improve the vocational outcomes of people with severe mental illness,,10.1080/09602011.2019.1692671,True,Cognitive remediation to improve the vocational outcomes of people with severe mental illness.pdf,2019,,Neuropsychological Rehabilitation,True,SciHub,"Rodríguez Pulido, Francisco and Caballero Estebaranz, Nayra and González Dávila, Enrique and Melián Cartaya, Maria Jesús"
Multidisciplinary Intervention and Acceptance and Commitment Therapy for Return-to-Work and Increased Employability among Patients with Mental Illness and/or Chronic Pain: A Randomized Controlled Trial,,10.3390/ijerph15112424,True,Multidisciplinary Intervention and Acceptance and Commitment Therapy for Return-to-Work and Increased Employability among Patients with Mental Illness and_or Chronic Pain_ A Randomized Controlled Trial.pdf,2018,,International Journal of Environmental Research and Public Health,True,SciHub,"Berglund, Erik and Anderzén, Ingrid and Andersén, Åsa and Carlsson, Lars and Gustavsson, Catharina and Wallman, Thorne and Lytsy, Per"
Comparing predictors of employment in Individual Placement and Support: A longitudinal analysis,,10.1016/j.psychres.2018.03.050,True,Comparing predictors of employment in Individual Placement and Support_ A longitudinal analysis.pdf,2018,,Psychiatry Research,True,SciHub,"Metcalfe, Justin D. and Riley, Jarnee and McGurk, Susan and Hale, Thomas and Drake, Robert E. and Bond, Gary R."
Efectividad de una estrategia de apoyo individualizado al empleo para personas con trastornos mentales graves,,10.1016/j.gaceta.2017.05.007,True,Efectividad de una estrategia de apoyo individualizado al empleo para personas con trastornos mentales graves.pdf,2018,,Gaceta Sanitaria,True,SciHub,"Rodríguez Pulido, Francisco and Caballero Estebaranz, Nayra and Tallo Aldana, Elena and Méndez Abad, Manuel E. and Hernández Álvarez-Sotomayor, M. Carmen and López Reig, Susana and Vílchez de León, Patricia Inés and González-Dávila, Enrique"
La divulgation du trouble mental et les mesures d’accommodements de travail : deux facteurs du maintien en emploi des personnes aux prises avec un trouble mental grave,,10.1016/j.encep.2014.04.006,True,La divulgation du trouble mental et les mesures d_accommodements de travail__ deux facteurs du maintien en emploi des personnes aux prises avec un trouble mental grave.pdf,2014,,L’Encéphale,True,SciHub,"Corbière, M. and Villotti, P. and Toth, K. and Waghorn, G."
Age and Improved Attention Predict Work Attainment in Combined Compensatory Cognitive Training and Supported Employment for People With Severe Mental Illness,,10.1097/NMD.0000000000000604,True,Age and Improved Attention Predict Work Attainment in Combined Compensatory Cognitive Training and Supported Employment for People With Severe Mental Illness.pdf,2016,,Journal of Nervous &amp; Mental Disease,True,SciHub,"Puig, Olga and Thomas, Kelsey R. and Twamley, Elizabeth W."
INdividual Vocational and Educational Support Trial (INVEST) for young people with borderline personality disorder: study protocol for a randomised controlled trial,,10.1186/s13063-020-04471-3,True,INdividual Vocational and Educational Support Trial _INVEST_ for young people with borderline personality disorder_ study protocol for a randomised controlled trial.pdf,2020,,Trials,True,SciHub,"Chanen, Andrew M. and Nicol, Katie and Betts, Jennifer K. and Bond, Gary R. and Mihalopoulos, Cathrine and Jackson, Henry J. and Thompson, Katherine N. and Jovev, Martina and Yuen, Hok Pan and Chinnery, Gina and Ring, Judith and Allott, Kelly and McCutcheon, Louise and Salmon, Ashleigh P. and Killackey, Eoin"
Early interventions to prevent disability for workers with mental health conditions: Impacts from the DMIE,,10.1016/j.dhjo.2013.07.002,True,Early interventions to prevent disability for workers with mental health conditions_ Impacts from the DMIE.pdf,2014,,Disability and Health Journal,True,SciHub,"Gimm, Gilbert and Hoffman, Denise and Ireys, Henry T."
Une intervention cognitive comportementale de groupe pour les personnes suivies dans le cadre d’un programme de soutien en emploi (TCC-SE),,10.1016/j.encep.2014.04.005,True,Une intervention cognitive comportementale de groupe pour les personnes suivies dans le cadre d_un programme de soutien en emploi _TCC-SE_.pdf,2014,,L’Encéphale,True,SciHub,"Lecomte, T. and Corbière, M. and Lysaker, P.H."
Modifiable Predictors of Supported Employment Outcomes Among People With Severe Mental Illness,,10.1176/appi.ps.201800562,True,Modifiable Predictors of Supported Employment Outcomes Among People With Severe Mental Illness.pdf,2019,,Psychiatric Services,True,SciHub,"Mahmood, Zanjbeel and Keller, Amber V. and Burton, Cynthia Z. and Vella, Lea and Matt, Georg E. and McGurk, Susan R. and Twamley, Elizabeth W."
“Placement Budgets” for Supported Employment—Impact on Quality of Life in a Multicenter Randomized Controlled Trial,,10.3389/fpsyt.2018.00462,True,_Placement Budgets_ for Supported Employment_Impact on Quality of Life in a Multicenter Randomized Controlled Trial.pdf,2018,,Frontiers in Psychiatry,True,SciHub,"Rössler, Wulf and Kawohl, Wolfram and Nordt, Carlos and Haker, Helene and Rüsch, Nicolas and Hengartner, Michael P."
Longitudinal outcomes of a work inclusion program in mental health departments in the city of Milan,,10.1177/00207640231217177,True,,2024,,International Journal of Social Psychiatry,False,,"Vanzetto, Simone and Quarenghi, Andrea and Varinelli, Alberto and Dragoni, Chiara and Conti, Dario and Boscacci, Maria and Carrà, Giuseppe and Percudani, Mauro and Morganti, Carla and Gambini, Orsola and Barbieri, Valentina and Brambilla, Paolo and Lazzaretti, Matteo and Rubelli, Paola and Mencacci, Claudio and Fusi, Antonio and Viganò, Caterina and Dell’Osso, Bernardo"
Trial-Based Economic Evaluations of Supported Employment for Adults with Severe Mental Illness: A Systematic Review,,10.1007/s10488-021-01174-y,True,,2022,,Administration and Policy in Mental Health and Mental Health Services Research,False,,"Zheng, Katherine and Stern, Brocha Z. and Wafford, Q. Eileen and Kohli-Lynch, Ciaran N."
Furthering the Evidence of the Effectiveness of Employment Strategies for People with Mental Disorders in Europe: A Systematic Review,,10.3390/ijerph15050838,True,Furthering the Evidence of the Effectiveness of Employment Strategies for People with Mental Disorders in Europe_ A Systematic Review.pdf,2018,,International Journal of Environmental Research and Public Health,True,SciHub,"Muñoz-Murillo, Amalia and Esteban, Eva and Ávila, Carolina C. and Fheodoroff, Klemens and Haro, Josep Maria and Leonardi, Matilde and Olaya, Beatriz"
Efectividad de una estrategia de apoyo individualizado al empleo para personas con trastornos mentales graves,,10.1016/j.gaceta.2017.05.007,True,Efectividad de una estrategia de apoyo individualizado al empleo para personas con trastornos mentales graves.pdf,2018,,Gaceta Sanitaria,True,SciHub,"Rodríguez Pulido, Francisco and Caballero Estebaranz, Nayra and Tallo Aldana, Elena and Méndez Abad, Manuel E. and Hernández Álvarez-Sotomayor, M. Carmen and López Reig, Susana and Vílchez de León, Patricia Inés and González-Dávila, Enrique"
A meta‐regression of the impact of policy on the efficacy of individual placement and support,,10.1111/acps.13129,True,A meta_regression of the impact of policy on the efficacy of individual placement and support.pdf,2019,,Acta Psychiatrica Scandinavica,True,SciHub,"Brinchmann, B. and Widding‐Havneraas, T. and Modini, M. and Rinaldi, M. and Moe, C. F. and McDaid, D. and Park, A‐L. and Killackey, E. and Harvey, S. B. and Mykletun, A."
"Long-term effects on income and sickness benefits after work-focused cognitive-behavioural therapy and individual job support: a pragmatic, multicentre, randomised controlled trial",,10.1136/oemed-2018-105137,True,Long-term effects on income and sickness benefits after work-focused cognitive-behavioural therapy and individual job support_ a pragmatic_ multicentre_ randomised controlled trial.pdf,2018,,Occupational and Environmental Medicine,True,SciHub,"Øverland, Simon and Grasdal, Astrid Louise and Reme, Silje Endresen"
Effectiveness of vocational interventions for gaining paid work for people living with mild to moderate mental health conditions: systematic review and meta-analysis,,10.1136/bmjopen-2020-039699,True,Effectiveness of vocational interventions for gaining paid work for people living with mild to moderate mental health conditions_ systematic review and meta-analysis.pdf,2020,,BMJ Open,True,SciHub,"Fadyl, Joanna K and Anstiss, David and Reed, Kirk and Khoronzhevych, Mariya and Levack, William M M"
Group cognitive behaviour therapy for supported employment – Results of a randomized controlled cohort trial,,10.1016/j.schres.2019.10.063,True,Group cognitive behaviour therapy for supported employment _ Results of a randomized controlled cohort trial.pdf,2020,,Schizophrenia Research,True,SciHub,"Lecomte, Tania and Corbière, Marc and Giguère, Charles-Edouard and Titone, Debra and Lysaker, Paul"
Individual placement and support in Italian young adults with mental disorder: Findings from the Reggio Emilia experience,,10.1111/eip.12883,True,Individual placement and support in Italian young adults with mental disorder_ Findings from the Reggio Emilia experience.pdf,2019,,Early Intervention in Psychiatry,True,SciHub,"Pelizza, Lorenzo and Ficarelli, Maria L. and Vignali, Elisabetta and Artoni, Simona and Franzini, Maria C. and Montanaro, Serenella and Andreoli, Maria V. and Marangoni, Sara and Ciampà, Elizabeth and Erlicher, Diana and Troisi, Elisa and Pupo, Simona"
Efectividad de una estrategia de apoyo individualizado al empleo para personas con trastornos mentales graves,,10.1016/j.gaceta.2017.05.007,True,Efectividad de una estrategia de apoyo individualizado al empleo para personas con trastornos mentales graves.pdf,2018,,Gaceta Sanitaria,True,SciHub,"Rodríguez Pulido, Francisco and Caballero Estebaranz, Nayra and Tallo Aldana, Elena and Méndez Abad, Manuel E. and Hernández Álvarez-Sotomayor, M. Carmen and López Reig, Susana and Vílchez de León, Patricia Inés and González-Dávila, Enrique"
The impact of employment programs on common mental disorders: A systematic review,,10.1177/00207640221104684,True,,2022,,International Journal of Social Psychiatry,False,,"Evans, Libby and Lund, Crick and Massazza, Alessandro and Weir, Hannah and Fuhr, Daniela C"
Implementing evidence-based supported employment within specialty mental health probation: A hybrid type I implementation-effectiveness trial protocol,,10.1016/j.cct.2023.107342,True,,2023,,Contemporary Clinical Trials,False,,"Cuddeback, Gary S. and Van Deinse, Tonya B. and DiRosa, Elena and Murray-Lichtman, Andrea and Givens, Ashley and Mercer, Mariah Cowell"
Supported employment: Meta-analysis and review of randomized controlled trials of individual placement and support,,10.1371/journal.pone.0212208,True,Supported employment_ Meta-analysis and review of randomized controlled trials of individual placement and support.pdf,2019,,PLOS ONE,True,SciHub,"Frederick, Donald E. and VanderWeele, Tyler J."
Los Centros de Rehabilitación Laboral y el Trastorno Mental Grave: la Experiencia y el Seguimiento de los Usuarios en la Comunidad de Madrid,,10.5093/pi2018a2,True,,2018,,Psychosocial Intervention,False,,"Naranjo-Valentín, Raúl and Cobo-Martínez, Fernando and Rebolleda-Gil, Carlos and González-Fraile, Eduardo"
"Supported employment for people with severe mental illness:
                        Systematic review and meta-analysis of the international
                        evidence",,10.1192/bjp.bp.115.165092,True,Supported employment for people with severe mental illness__                        Systematic review and meta-analysis of the international_                        evidence.pdf,2016,,British Journal of Psychiatry,True,SciHub,"Modini, Matthew and Tan, Leona and Brinchmann, Beate and Wang, Min-Jung and Killackey, Eoin and Glozier, Nicholas and Mykletun, Arnstein and Harvey, Samuel B."
A Randomised Controlled Trial of Evidence Based Supported Employment for People Who have Recently been Homeless and have a Mental Illness,,10.1007/s10488-015-0713-2,True,A Randomised Controlled Trial of Evidence Based Supported Employment for People Who have Recently been Homeless and have a Mental Illness.pdf,2015,,Administration and Policy in Mental Health and Mental Health Services Research,True,SciHub,"Poremski, Daniel and Rabouin, Daniel and Latimer, Eric"
‘Placement budgets’ for supported employment: impact on employment rates in a multicentre randomised controlled trial,,10.1192/bjp.2019.154,True,_Placement budgets_ for supported employment_ impact on employment rates in a multicentre randomised controlled trial.pdf,2019,,The British Journal of Psychiatry,True,SciHub,"Rössler, Wulf and Kawohl, Wolfram and Nordt, Carlos and Haker, Helene and Rüsch, Nicolas and Hengartner, Michael P."
A Randomized Controlled Trial Evaluating the Effectiveness of Supported Employment Integrated in Primary Care,,10.1176/appi.ps.202000926,True,,2022,,Psychiatric Services,False,,"Davis, Lori L. and Mumba, Mercy N. and Toscano, Richard and Pilkinton, Patricia and Blansett, Catherine M. and McCall, Kimberly and MacVicar, David and Bartolucci, Al"
Job Offers to Individuals With Severe Mental Illness After Participation in Virtual Reality Job Interview Training,,10.1176/appi.ps.201400504,True,Job Offers to Individuals With Severe Mental Illness After Participation in Virtual Reality Job Interview Training.pdf,2015,,Psychiatric Services,True,SciHub,"Smith, Matthew J. and Fleming, Michael F. and Wright, Michael A. and Jordan, Neil and Humm, Laura Boteler and Olsen, Dale and Bell, Morris D."
Comparison of Black and White participants with severe mental illness in response to cognitive remediation as an augmentation of vocational rehabilitation,,10.1016/j.schres.2021.09.001,True,,2023,,Schizophrenia Research,False,,"DeTore, N.R. and Balogun-Mwangi, O. and Mueser, K.T. and McGurk, S.R."
Effect of Adding a Work-Focused Intervention to Integrated Care for Depression in the Veterans Health Administration,,10.1001/jamanetworkopen.2020.0075,True,Effect of Adding a Work-Focused Intervention to Integrated Care for Depression in the Veterans Health Administration.pdf,2020,,JAMA Network Open,True,SciHub,"Lerner, Debra and Adler, David A. and Rogers, William H. and Ingram, Erin and Oslin, David W."
"Economic, Labor, and Regulatory Moderators of the Effect of Individual Placement and Support Among People With Severe Mental Illness: A Systematic Review and Meta-analysis",,10.1093/schbul/sbx132,True,Economic_ Labor_ and Regulatory Moderators of the Effect of Individual Placement and Support Among People With Severe Mental Illness_ A Systematic Review and Meta-analysis.pdf,2017,,Schizophrenia Bulletin,True,SciHub,"Metcalfe, Justin D and Drake, Robert E and Bond, Gary R"
Enhancing individual placement and support (IPS) - Supported employment: A Type 1 hybrid design randomized controlled trial to evaluate virtual reality job interview training among adults with severe mental illness,,10.1016/j.cct.2018.12.008,True,Enhancing individual placement and support _IPS_ - Supported employment_ A Type 1 hybrid design randomized controlled trial to evaluate virtual reality job interview training among adults with severe mental illness.pdf,2019,,Contemporary Clinical Trials,True,SciHub,"Smith, Matthew J. and Smith, Justin D. and Fleming, Michael F. and Jordan, Neil and Oulvey, Eugene A. and Bell, Morris D. and Mueser, Kim T. and McGurk, Susan R. and Spencer, E-Shawn and Mailey, Kimberly and Razzano, Lisa A."
Cognitive Enhancement Treatment for People With Mental Illness Who Do Not Respond to Supported Employment: A Randomized Controlled Trial,,10.1176/appi.ajp.2015.14030374,True,Cognitive Enhancement Treatment for People With Mental Illness Who Do Not Respond to Supported Employment_ A Randomized Controlled Trial.pdf,2015,,American Journal of Psychiatry,True,SciHub,"McGurk, Susan R. and Mueser, Kim T. and Xie, Haiyi and Welsh, Jason and Kaiser, Susan and Drake, Robert E. and Becker, Deborah R. and Bailey, Edward and Fraser, Ginnie and Wolfe, Rosemarie and McHugo, Gregory J."
Predictors of Acquisition of Competitive Employment for People Enrolled in Supported Employment Programs,,10.1097/NMD.0000000000000612,True,Predictors of Acquisition of Competitive Employment for People Enrolled in Supported Employment Programs.pdf,2017,,Journal of Nervous &amp; Mental Disease,True,SciHub,"Corbière, Marc and Lecomte, Tania and Reinharz, Daniel and Kirsh, Bonnie and Goering, Paula and Menear, Matthew and Berbiche, Djamal and Genest, Karine and Goldner, Elliot M."
The effects of supported employment interventions in populations of people with conditions other than severe mental health: a systematic review,,10.1017/S1463423621000827,True,,2021,,Primary Health Care Research &amp; Development,False,,"Probyn, Katrin and Engedahl, Martin Stav and Rajendran, DÃ©van and Pincus, Tamar and Naeem, Khadija and Mistry, Dipesh and Underwood, Martin and Froud, Robert"
Supported employment interventions with people who have severe mental illness: Systematic mixed-methods umbrella review,,10.1371/journal.pone.0304527,True,,2024,,PLOS ONE,False,,"Patmisari, Emi and Huang, Yunong and Orr, Mark and Govindasamy, Sumathi and Hielscher, Emily and McLaren, Helen"
An RCT of Virtual Reality Job Interview Training for Individuals With Serious Mental Illness in IPS Supported Employment,,10.1176/appi.ps.202100516,True,,2022,,Psychiatric Services,False,,"Smith, Matthew J. and Smith, Justin D. and Blajeski, Shannon and Ross, Brittany and Jordan, Neil and Bell, Morris D. and McGurk, Susan R. and Mueser, Kim T. and Burke-Miller, Jane K. and Oulvey, Eugene A. and Fleming, Michael F. and Nelson, Karley and Brown, Adrienne and Prestipino, John and Pashka, Nicole J. and Razzano, Lisa A."
"A randomized controlled multicenter trial of individual placement and support for patients with
                    moderate-to-severe mental illness",,10.5271/sjweh.3753,True,,2018,,"Scandinavian Journal of Work, Environment &amp; Health",False,,"Reme, Silje Endresen and Monstad, Karin and Fyhn, Tonje and Sveinsdottir, Vigdis and Løvvik, Camilla and Lie, Stein Atle and Øverland, Simon"
Effectiveness of individual placement and support for people with severe mental illness in the Netherlands: A 30-month randomized controlled trial.,,10.1037/prj0000061,True,Effectiveness of individual placement and support for people with severe mental illness in the Netherlands_ A 30-month randomized controlled trial..pdf,2014,,Psychiatric Rehabilitation Journal,True,SciHub,"Michon, Harry and van Busschbach, Jooske T. and Stant, A. Dennis and van Vugt, Maaike D. and van Weeghel, Jaap and Kroon, Hans"
Implementation of Individual Placement and Support in Italy: The Reggio Emilia Experience,,10.1007/s10597-020-00603-w,True,Implementation of Individual Placement and Support in Italy_ The Reggio Emilia Experience.pdf,2020,,Community Mental Health Journal,True,SciHub,"Pelizza, Lorenzo and Ficarelli, Maria Lorena and Vignali, Elisabetta and Artoni, Simona and Franzini, Maria Cristina and Montanaro, Serenella and Andreoli, Maria Vittoria and Marangoni, Sara and Ciampà, Elizabeth and Erlicher, Diana and Troisi, Elisa and Pupo, Simona and Fioritti, Angelo"
On the effects of active labour market policies among individuals reporting to have severe mental health problems,,10.1111/spol.12968,True,,2023,,Social Policy &amp; Administration,False,,"Tübbicke, Stefan and Schiele, Maximilian"
Monitoring sedentary patterns in office employees: validity of an m-health tool (Walk@Work-App) for occupational health,,10.1016/j.gaceta.2017.05.004,True,Monitoring sedentary patterns in office employees_ validity of an m-health tool _Walk_Work-App_ for occupational health.pdf,2018,,Gaceta Sanitaria,True,SciHub,"Bort-Roig, Judit and Puig-Ribera, Anna and Contreras, Ruth S. and Chirveches-Pérez, Emilia and Martori, Joan C. and Gilson, Nicholas D. and McKenna, Jim"
Welche Faktoren beeinflussen den Erfolg von Supported Employment?,,10.1055/s-0034-1387695,True,Welche Faktoren beeinflussen den Erfolg von Supported Employment_.pdf,2015,,Psychiatrische Praxis,True,SciHub,"Viering, Sandra and Jäger, Matthias and Kawohl, Wolfram"
Web-Based Cognitive Remediation Improves Supported Employment Outcomes in Severe Mental Illness: Randomized Controlled Trial,,10.2196/mental.6982,True,,2017,,JMIR Mental Health,False,,"Harris, Anthony WF and Kosic, Tanya and Xu, Jean and Walker, Chris and Gye, William and Redoblado Hodge, Antoinette"
Virtual Reality Job Interview Training for Individuals With Psychiatric Disabilities,,10.1097/NMD.0000000000000187,True,Virtual Reality Job Interview Training for Individuals With Psychiatric Disabilities.pdf,2014,,Journal of Nervous &amp; Mental Disease,True,SciHub,"Smith, Matthew J. and Ginger, Emily J. and Wright, Michael and Wright, Katherine and Boteler Humm, Laura and Olsen, Dale and Bell, Morris D. and Fleming, Michael F."
Cost-utility and cost-effectiveness of individual placement support and cognitive remediation in people with severe mental illness: Results from a randomized clinical trial,,10.1192/j.eurpsy.2020.111,True,Cost-utility and cost-effectiveness of individual placement support and cognitive remediation in people with severe mental illness_ Results from a randomized clinical trial.pdf,2020,,European Psychiatry,True,SciHub,"Christensen, Thomas Nordahl and Kruse, Marie and Hellstr√∂m, Lone and Eplov, Lene Falgaard"
"Cognitive remediation and professional insertion of people with schizophrenia: RemedRehab, a randomized controlled trial",,10.1192/j.eurpsy.2021.25,True,,2021,,European Psychiatry,False,,"Cervello, S. and Dubreucq, J. and Trichanh, M. and Dubrulle, A. and Amado, I. and Bralet, M. C. and Chirio-Espitalier, M. and Delille, S. and Fakra, E. and Francq, C. and Guillard-Bouhet, N. and Graux, J. and Lan√ßon, C. and Zakoian, J. M. and Gauthier, E. and Demily, C. and Franck, N."
"Effects of the Indianapolis Vocational Intervention Program (IVIP) on defeatist beliefs, work motivation, and work outcomes in serious mental illness",,10.1016/j.schres.2016.10.036,True,Effects of the Indianapolis Vocational Intervention Program _IVIP_ on defeatist beliefs_ work motivation_ and work outcomes in serious mental illness.pdf,2017,,Schizophrenia Research,True,SciHub,"Mervis, Joshua E. and Fiszdon, Joanna M. and Lysaker, Paul H. and Nienow, Tasha M. and Mathews, Laura and Wardwell, Patricia and Petrik, Tammy and Thime, Warren and Choi, Jimmy"
The Use of Standardized Discharge in IPS Supported Employment Programs,,10.1176/appi.ps.201700309,True,The Use of Standardized Discharge in IPS Supported Employment Programs.pdf,2018,,Psychiatric Services,True,SciHub,"Metcalfe, Justin and Drake, Robert E. and Bond, Gary"
Fidelity and IPS: does quality of implementation predict vocational outcomes over time for organizations treating persons with severe mental illness in the Netherlands?,,10.1007/s00127-020-01890-0,True,Fidelity and IPS_ does quality of implementation predict vocational outcomes over time for organizations treating persons with severe mental illness in the Netherlands_.pdf,2020,,Social Psychiatry and Psychiatric Epidemiology,True,SciHub,"de Winter, Lars and Couwenbergh, Christianne and van Weeghel, Jaap and Bergmans, Cris and Bond, Gary R."
Supported employment for people with severe mental illness: a pilot study of an Italian social enterprise with a special ingredient,,10.1186/s12888-022-03881-8,True,,2022,,BMC Psychiatry,False,,"Martinelli, Alessandra and Bonetto, Chiara and Bonora, Federica and Cristofalo, Doriana and Killaspy, Helen and Ruggeri, Mirella"
Incorporating Individualized Placement and Support Principles Into Vocational Rehabilitation for Formerly Incarcerated Veterans,,10.1176/appi.ps.201500058,True,Incorporating Individualized Placement and Support Principles Into Vocational Rehabilitation for Formerly Incarcerated Veterans.pdf,2016,,Psychiatric Services,True,SciHub,"LePage, James P. and Lewis, Avery A. and Crawford, April M. and Parish, Julie A. and Ottomanelli, Lisa and Washington, Edward L. and Cipher, Daisha J."
Can social firms contribute to alleviating the economic burden of psychiatric disabilities for the public healthcare system?,,10.1111/hsc.12775,True,Can social firms contribute to alleviating the economic burden of psychiatric disabilities for the public healthcare system_.pdf,2019,,Health &amp; Social Care in the Community,True,SciHub,"Sultan‐Taïeb, Hélène and Villotti, Patrizia and Berbiche, Djamal and Dewa, Carolyn S. and Desjardins, Émilie and Fraccaroli, Franco and Zaniboni, Sara and Mazaniello-Chézol, Maud and Lecomte, Tania and Durand, Marie‐José and Corbière, Marc"
When Non-Compliance Carries the Day: Evaluating the Effectiveness of an Employment Program for the Severely Mentally Ill,,10.1177/0193841X211049685,True,,2021,,Evaluation Review,False,,"Martini, Alberto and Rettore, Enrico and Barbetta, Gian Paolo and Sandrolini, Fabio"
"Predictors of job tenure for people with a severe mental illness, enrolled in supported employment programs.",,10.1037/prj0000589,True,,2024,,Psychiatric Rehabilitation Journal,False,,"Corbière, Marc and Villotti, Patrizia and Berbiche, Djamal and Lecomte, Tania"
Economic analyses of supported employment programmes for people with mental health conditions: A systematic review,,10.1192/j.eurpsy.2022.2309,True,,2022,,European Psychiatry,False,,"Park, A-La and Rinaldi, Miles and Brinchmann, Beate and Killackey, Eoin and Aars, Nils Abel P. and Mykletun, Arnstein and McDaid, David"
Study protocol: A multisite trial of Work-Related Cognitive behavioral therapy for unemployed persons with social anxiety,,10.1016/j.conctc.2019.100464,True,Study protocol_ A multisite trial of Work-Related Cognitive behavioral therapy for unemployed persons with social anxiety.pdf,2019,,Contemporary Clinical Trials Communications,True,SciHub,"Himle, Joseph A. and LeBeau, Richard T. and Weaver, Addie and Brydon, Daphne M. and Bybee, Deborah and Kilbourne, Amy M. and Rose, Raphael D. and Tucker, Katherine M. and Kim, Richard and Perez, Marcelina and Smith, Fonda N. and Sinco, Brandy R. and Levine, Scott and Hamameh, Nicole and Golenberg, Zipora and McKiver, Monique and Wierzbicki, Paul T. and Hasratian, Anni M. and Craske, Michelle G."
A Systematic Review and Meta-analysis of IPS Supported Employment for Young Adults with Mental Health Conditions,,10.1007/s10488-022-01228-9,True,,2022,,Administration and Policy in Mental Health and Mental Health Services Research,False,,"Bond, Gary R. and Al-Abdulmunem, Monirah and Marbacher, Jessica and Christensen, Thomas N. and Sveinsdottir, Vigdis and Drake, Robert E."
A Mixed-Methods Implementation Evaluation of Virtual Reality Job Interview Training in IPS Supported Employment,,10.1176/appi.ps.20230023,True,,2024,,Psychiatric Services,False,,"Blajeski, Shannon and Smith, Matthew J. and Harrington, Meghan and Johnson, Jeffery and Ross, Brittany and Weaver, Addie and Razzano, Lisa A. and Pashka, Nicole and Brown, Adrienne and Prestipino, John and Nelson, Karley and Lieberman, Tovah and Jordan, Neil and Oulvey, Eugene A. and Mueser, Kim T. and McGurk, Susan R. and Bell, Morris D. and Smith, Justin D."
Supported employment for persons with serious mental illness: Current status and future directions,,10.1016/j.encep.2014.04.008,True,Supported employment for persons with serious mental illness_ Current status and future directions.pdf,2014,,L’Encéphale,True,SciHub,"Mueser, K.T. and McGurk, S.R."
Evidence for Occupational Therapy Intervention With Employment and Education for Adults With Serious Mental Illness: A Systematic Review,,10.5014/ajot.2018.033068,True,,2018,,The American Journal of Occupational Therapy,False,,"Noyes, Susan and Sokolow, Helena and Arbesman, Marian"
Predictors of work and education among people with severe mental illness who participated in the Danish individual placement and support study: findings from a randomized clinical trial,,10.1007/s00127-021-02107-8,True,Predictors of work and education among people with severe mental illness who participated in the Danish individual placement and support study_ findings from a randomized clinical trial.pdf,2021,,Social Psychiatry and Psychiatric Epidemiology,True,SciHub,"Christensen, Thomas Nordahl and Wallstrøm, Iben Gammelgård and Bojesen, Anders Bo and Nordentoft, Merete and Eplov, Lene Falgaard"
Leipzig - Individual Placement and Support for people with mental illnesses (LIPSY): study protocol of a randomized controlled trial,,10.1186/s12888-021-03416-7,True,,2021,,BMC Psychiatry,False,,"Hussenoeder, Felix S. and Koschig, Maria and Conrad, Ines and Gühne, Uta and Pabst, Alexander and Kühne, Sophie-Elisabeth and Alberti, Mathias and Stengler, Katarina and Riedel-Heller, Steffi G."
The effects of supported employment in Latino consumers with severe mental illness.,,10.1037/prj0000062,True,The effects of supported employment in Latino consumers with severe mental illness..pdf,2014,,Psychiatric Rehabilitation Journal,True,SciHub,"Mueser, Kim T. and Bond, Gary R. and Essock, Susan M. and Clark, Robin E. and Carpenter-Song, Elizabeth and Drake, Robert E. and Wolfe, Rosemarie"
Expanding Individual Placement and Support to Populations With Conditions and Disorders Other Than Serious Mental Illness,,10.1176/appi.ps.201800464,True,Expanding Individual Placement and Support to Populations With Conditions and Disorders Other Than Serious Mental Illness.pdf,2019,,Psychiatric Services,True,SciHub,"Bond, Gary R. and Drake, Robert E. and Pogue, Jacqueline A."
"Effektivität und Kosteneffizienz von Individual Placement and
                    Support (IPS) in Deutschland – eine Vergleichsstudie bei Menschen mit
                    Psychosen",,10.1055/a-2165-8728,True,,2023,,Psychiatrische Praxis,False,,"Nischk, Daniel and Herwig, Uwe and Senner, Simon and Rockstroh, Brigitte"
Recent advances in supported employment for people with serious mental illness,,10.1097/YCO.0000000000000247,True,Recent advances in supported employment for people with serious mental illness.pdf,2016,,Current Opinion in Psychiatry,True,SciHub,"Mueser, Kim T. and Drake, Robert E. and Bond, Gary R."
Protocol for the SEED-trial: Supported Employment and preventing Early Disability,,10.1186/s12889-016-3280-x,True,Protocol for the SEED-trial_ Supported Employment and preventing Early Disability.pdf,2016,,BMC Public Health,True,SciHub,"Sveinsdottir, Vigdis and Tveito, Torill Helene and Bond, Gary R. and Grasdal, Astrid Louise and Lie, Stein Atle and Reme, Silje Endresen"
Protocol for the effect evaluation of Individual Placement and Support (IPS): a randomized controlled multicenter trial of IPS versus treatment as usual for patients with moderate to severe mental illness in Norway,,10.1186/s12888-014-0307-7,True,Protocol for the effect evaluation of Individual Placement and Support _IPS__ a randomized controlled multicenter trial of IPS versus treatment as usual for patients with moderate to severe mental illness in Norway.pdf,2014,,BMC Psychiatry,True,SciHub,"Sveinsdottir, Vigdis and Løvvik, Camilla and Fyhn, Tonje and Monstad, Karin and Ludvigsen, Kari and Øverland, Simon and Reme, Silje Endresen"
Predictors of employment in people with moderate to severe mental illness participating in a randomized controlled trial of Individual Placement and Support (IPS),,10.1177/0020764020934841,True,Predictors of employment in people with moderate to severe mental illness participating in a randomized controlled trial of Individual Placement and Support _IPS_.pdf,2020,,International Journal of Social Psychiatry,True,SciHub,"Fyhn, Tonje and Øverland, Simon and Reme, Silje E"
Implementing Supported Employment. Lessons from the Making IPS Work Project,,10.3390/ijerph15071545,True,Implementing Supported Employment. Lessons from the Making IPS Work Project.pdf,2018,,International Journal of Environmental Research and Public Health,True,SciHub,"Hutchinson, Jan and Gilbert, David and Papworth, Rachel and Boardman, Jed"
Improving Work Outcome in Supported Employment for Serious Mental Illness: Results From 2 Independent Studies of Errorless Learning,,10.1093/schbul/sbx100,True,Improving Work Outcome in Supported Employment for Serious Mental Illness_ Results From 2 Independent Studies of Errorless Learning.pdf,2017,,Schizophrenia Bulletin,True,SciHub,"Kern, Robert S and Zarate, Roberto and Glynn, Shirley M and Turner, Luana R and Smith, Kellie M and Mitchell, Sharon S and Sugar, Catherine A and Bell, Morris D and Liberman, Robert P and Kopelowicz, Alex and Green, Michael F"
Relationship Between Self-Assessed Fidelity and Self-Reported Employment in the Individual Placement and Support Model of Supported Employment,,10.1176/appi.ps.201700472,True,Relationship Between Self-Assessed Fidelity and Self-Reported Employment in the Individual Placement and Support Model of Supported Employment.pdf,2018,,Psychiatric Services,True,SciHub,"Margolies, Paul J. and Humensky, Jennifer L. and Chiang, I-Chin and Covell, Nancy H. and Jewell, Thomas C. and Broadway-Wilson, Karen and Gregory, Raymond and Scannevin, Gary and Dixon, Lisa B."
Outcomes of an individual placement and support programme incorporating principles of the collaborative recovery model,,10.1111/1440-1630.12580,True,Outcomes of an individual placement and support programme incorporating principles of the collaborative recovery model.pdf,2019,,Australian Occupational Therapy Journal,True,SciHub,"Scanlan, Justin Newton and Feder, Kate and Ennals, Priscilla and Hancock, Nicola"
Employment outcomes for people with schizophrenia spectrum disorder: A meta-analysis of randomized controlled trials,,10.13075/ijomeh.1896.01074,True,,2017,,International Journal of Occupational Medicine and Environmental Health,False,,"Carmona, Viviana and GÃ³mez-Benito, Juana and Huedo-Medina, Tania and Rojo, J."
Job Endings and Work Trajectories of Persons Receiving Supported Employment and Cognitive Remediation,,10.1176/appi.ps.201700489,True,Job Endings and Work Trajectories of Persons Receiving Supported Employment and Cognitive Remediation.pdf,2018,,Psychiatric Services,True,SciHub,"Teixeira, Carina and Mueser, Kim T. and Rogers, E. Sally and McGurk, Susan R."
Impact of Individual Budgets on Work and Financial Well-Being of Supported Employment Recipients With Serious Mental Illness,,10.1176/appi.ps.20230597,True,,2024,,Psychiatric Services,False,,"Cook, Judith A. and Steigman, Pamela J. and Burke-Miller, Jane K. and Pashka, Nicole and Ruiz, Anabel and Egli, Drew and Cortez, Claudia and Prestipino, John and Brown, Adrienne and Furlong, Mark and Razzano, Lisa A"
Individual Placement and Support (IPS) for Methadone Maintenance Therapy Patients: A Pilot Randomized Controlled Trial,,10.1007/s10488-017-0793-2,True,Individual Placement and Support _IPS_ for Methadone Maintenance Therapy Patients_ A Pilot Randomized Controlled Trial.pdf,2017,,Administration and Policy in Mental Health and Mental Health Services Research,True,SciHub,"Lones, Carrie E. and Bond, Gary R. and McGovern, Mark P. and Carr, Kathryn and Leckron-Myers, Teresa and Hartnett, Tim and Becker, Deborah R."
Individual Placement and Support in Sweden—A randomized controlled trial,,10.3109/08039488.2014.929739,True,Individual Placement and Support in Sweden_A randomized controlled trial.pdf,2014,,Nordic Journal of Psychiatry,True,SciHub,"Bejerholm, Ulrika and Areberg, Cecilia and Hofgren, Caisa and Sandlund, Mikael and Rinaldi, Miles"
Participation in Individual Placement and Support in the Supported Employment Demonstration,,10.1007/s10488-021-01180-0,True,,2021,,Administration and Policy in Mental Health and Mental Health Services Research,False,,"Metcalfe, Justin D. and Drake, Robert E."
Vocational rehabilitation in early psychosis: cluster randomised trial,,10.1192/bjp.bp.113.136283,True,Vocational rehabilitation in early psychosis_ cluster randomised trial.pdf,2014,,British Journal of Psychiatry,True,SciHub,"Craig, Tom and Shepherd, Geoff and Rinaldi, Miles and Smith, Jo and Carr, Sarah and Preston, Fay and Singh, Swaran"
Cost-effectiveness of occupational therapy return-to-work interventions for people with mental health disorders: A systematic review,,10.1080/11038128.2023.2200576,True,,2023,,Scandinavian Journal of Occupational Therapy,False,,"Johanson, Suzanne and Gregersen Oestergaard, Lisa and Bejerholm, Ulrika and Nygren, Carita and van Tulder, Maurits and Zingmark, Magnus"
Evaluation of a statewide implementation of supported employment in Massachusetts.,,10.1037/prj0000097,True,Evaluation of a statewide implementation of supported employment in Massachusetts..pdf,2014,,Psychiatric Rehabilitation Journal,True,SciHub,"Henry, Alexis D. and Hashemi, Lobat and Zhang, Jianying"
"“Individual Placement and Support” boosts employment for early psychosis clients, even when baseline rates are high",,10.1111/eip.13005,True,_Individual Placement and Support_ boosts employment for early psychosis clients_ even when baseline rates are high.pdf,2020,,Early Intervention in Psychiatry,True,SciHub,"Erickson, David H. and Roes, Meighen M. and DiGiacomo, Alessandra and Burns, Amy"
Effort-based decision-making as a determinant of supported employment outcomes in psychotic disorders,,10.1016/j.schres.2023.11.003,True,,2023,,Schizophrenia Research,False,,"Le, Thanh P. and Green, Michael F. and Wynn, Jonathan K. and Iglesias, Julio E. and Franco, Richard L. and Kopelowicz, Alex and Kern, Robert S."
"Interventions for obtaining and maintaining employment in adults with severe mental illness, a network meta-analysis",,10.1002/14651858.CD011867.pub2,True,Interventions for obtaining and maintaining employment in adults with severe mental illness_ a network meta-analysis.pdf,2017,,Cochrane Database of Systematic Reviews,True,SciHub,"Suijkerbuijk, Yvonne B and Schaafsma, Frederieke G and van Mechelen, Joost C and Ojajärvi, Anneli and Corbière, Marc and Anema, Johannes R"
Enrollment in the Supported Employment Demonstration: An Employment Intervention for Denied Disability Benefits Applicants with a Mental Impairment,,10.1007/s10488-021-01159-x,True,Enrollment in the Supported Employment Demonstration_ An Employment Intervention for Denied Disability Benefits Applicants with a Mental Impairment.pdf,2021,,Administration and Policy in Mental Health and Mental Health Services Research,True,SciHub,"Taylor, Jeffrey A. and Salkever, David S. and Frey, William D. and Riley, Jarnee and Marrow, Jocelyn"
Cognitive remediation and occupational outcome in schizophrenia spectrum disorders: A 2 year follow-up study,,10.1016/j.schres.2016.12.020,True,Cognitive remediation and occupational outcome in schizophrenia spectrum disorders_ A 2 year follow-up study.pdf,2017,,Schizophrenia Research,True,SciHub,"Lystad, June Ullevoldsæter and Falkum, Erik and Haaland, Vegard Øksendal and Bull, Helen and Evensen, Stig and McGurk, Susan R. and Ueland, Torill"
Growth of IPS Supported Employment Programs in the United States: An Update,,10.1176/appi.ps.202100199,True,,2022,,Psychiatric Services,False,,"Pogue, Jacqueline A. and Bond, Gary R. and Drake, Robert E. and Becker, Deborah R. and Logsdon, Susanne M."
Efficacy of a peer-led group program for unemployed people with mental health problems: Pilot randomized controlled trial,,10.1177/0020764019846171,True,Efficacy of a peer-led group program for unemployed people with mental health problems_ Pilot randomized controlled trial.pdf,2019,,International Journal of Social Psychiatry,True,SciHub,"Rüsch, Nicolas and Staiger, Tobias and Waldmann, Tamara and Dekoj, Marie Christine and Brosch, Thorsten and Gabriel, Lisa and Bahemann, Andreas and Oexle, Nathalie and Klein, Thomas and Nehf, Luise and Becker, Thomas"
Helping People Denied Disability Benefits for a Mental Health Impairment: The Supported Employment Demonstration,,10.1176/appi.ps.202000671,True,,2021,,Psychiatric Services,False,,"Riley, Jarnee and Drake, Robert E. and Frey, William and Goldman, Howard H. and Becker, Deborah R. and Salkever, David and Marrow, Jocelyn and Borger, Christine and Taylor, Jeffrey and Bond, Gary R. and Karakus, Mustafa"
Enhancing return to work or school after a first episode of schizophrenia: the UCLA RCT of Individual Placement and Support and Workplace Fundamentals Module training,,10.1017/S0033291718003860,True,Enhancing return to work or school after a first episode of schizophrenia_ the UCLA RCT of Individual Placement and Support and Workplace Fundamentals Module training.pdf,2019,,Psychological Medicine,True,SciHub,"Nuechterlein, Keith H. and Subotnik, Kenneth L. and Ventura, Joseph and Turner, Luana R. and Gitlin, Michael J. and Gretchen-Doorly, Denise and Becker, Deborah R. and Drake, Robert E. and Wallace, Charles J. and Liberman, Robert P."
Predictors of employment in schizophrenia: The importance of intrinsic and extrinsic motivation,,10.1016/j.schres.2016.08.006,True,Predictors of employment in schizophrenia_ The importance of intrinsic and extrinsic motivation.pdf,2016,,Schizophrenia Research,True,SciHub,"Reddy, L. Felice and Llerena, Katiah and Kern, Robert S."
"Supported employment and education in comprehensive, integrated care for first episode psychosis: Effects on work, school, and disability income",,10.1016/j.schres.2016.09.024,True,Supported employment and education in comprehensive_ integrated care for first episode psychosis_ Effects on work_ school_ and disability income.pdf,2017,,Schizophrenia Research,True,SciHub,"Rosenheck, Robert and Mueser, Kim T. and Sint, Kyaw and Lin, Haiqun and Lynde, David W. and Glynn, Shirley M. and Robinson, Delbert G. and Schooler, Nina R. and Marcy, Patricia and Mohamed, Somaia and Kane, John M."
Supported Employment for the Reintegration of Disability Pensioners with Mental Illnesses: A Randomized Controlled Trial,,10.3389/fpubh.2015.00237,True,Supported Employment for the Reintegration of Disability Pensioners with Mental Illnesses_ A Randomized Controlled Trial.pdf,2015,,Frontiers in Public Health,True,SciHub,"Viering, Sandra and Jäger, Matthias and Bärtsch, Bettina and Nordt, Carlos and Rössler, Wulf and Warnke, Ingeborg and Kawohl, Wolfram"
Effects of IPS plus cognitive remediation in early psychosis: 18-month functioning outcomes of a randomized controlled trial,,10.1016/j.schres.2021.07.025,True,Effects of IPS plus cognitive remediation in early psychosis_ 18-month functioning outcomes of a randomized controlled trial.pdf,2021,,Schizophrenia Research,True,SciHub,"van Duin, Daniëlle and de Winter, Lars and Kroon, Hans and Veling, Wim and van Weeghel, Jaap"
Is the “Brainwork Intervention” effective in reducing sick leave for non-permanent workers with psychological problems? Results of a controlled clinical trial,,10.1186/s12889-021-10704-0,True,Is the _Brainwork Intervention_ effective in reducing sick leave for non-permanent workers with psychological problems_ Results of a controlled clinical trial.pdf,2021,,BMC Public Health,True,SciHub,"Audhoe, Selwin S. and Hoving, Jan L. and Zijlstra, Bonne J. H. and Frings-Dresen, Monique H. W. and Nieuwenhuijsen, Karen"
Relationship between self-esteem and employment in people with severe mental illness: A systematic review and meta-analysis,,10.3233/JVR-230045,True,,2023,,Journal of Vocational Rehabilitation,False,,"Deng, Jiaxuan and Sarraf, Lisa and Hotte-Meunier, Adèle and Sauvé, Geneviève"
Effect of Evidence-Based Supported Employment vs Transitional Work on Achieving Steady Work Among Veterans With Posttraumatic Stress Disorder,,10.1001/jamapsychiatry.2017.4472,True,Effect of Evidence-Based Supported Employment vs Transitional Work on Achieving Steady Work Among Veterans With Posttraumatic Stress Disorder.pdf,2018,,JAMA Psychiatry,True,SciHub,"Davis, Lori L. and Kyriakides, Tassos C. and Suris, Alina M. and Ottomanelli, Lisa A. and Mueller, Lisa and Parker, Pamela E. and Resnick, Sandra G. and Toscano, Richard and Scrymgeour, Alexandra A. and Drake, Robert E."
Implementing evidence-based supported employment in Sussex for people with severe mental illness,,10.1177/0308022614567667,True,Implementing evidence-based supported employment in Sussex for people with severe mental illness.pdf,2015,,British Journal of Occupational Therapy,True,SciHub,"van Veggel, Rhonda and Waghorn, Geoffrey and Dias, Shannon"
Long-Term Effects of the Individual Placement and Support Intervention on Employment Status: 6-Year Follow-Up of a Randomized Controlled Trial,,10.3389/fpsyt.2021.709732,True,,2021,,Frontiers in Psychiatry,False,,"Pichler, Eva-Maria and Stulz, Niklaus and Wyder, Lea and Heim, Simone and Watzke, Birgit and Kawohl, Wolfram"
Effectiveness of individual placement and support supported employment for young adults,,10.1111/eip.12175,True,Effectiveness of individual placement and support supported employment for young adults.pdf,2014,,Early Intervention in Psychiatry,True,SciHub,"Bond, Gary R. and Drake, Robert E. and Campbell, Kikuko"
Employment Specialist Competencies for Supported Employment Programs,,10.1007/s10926-013-9482-5,True,Employment Specialist Competencies for Supported Employment Programs.pdf,2013,,Journal of Occupational Rehabilitation,True,SciHub,"Corbière, Marc and Brouwers, Evelien and Lanctôt, Nathalie and van Weeghel, Jaap"
Impacts of Individual Placement and Support (IPS) program of supported employment on employment and psychosocial well-being among individuals with severe mental illness,,10.1192/j.eurpsy.2023.697,True,,2023,,European Psychiatry,False,,"Sipilä, N. and Appelqvist-Schmidlechner, K."
Is Supported Employment Effective for Young Adults with Disability Pension?,,10.3368/jhr.58.4.0319-10105R2,True,,2021,,Journal of Human Resources,False,,"Fogelgren, Mattias and Ornstein, Petra and Rödin, Magnus and Thoursie, Peter Skogman"
Predictors of Employment for People With Mental Illness: Results of a Multicenter Randomized Trial on the Effectiveness of Placement Budgets for Supported Employment,,10.3389/fpsyt.2019.00518,True,Predictors of Employment for People With Mental Illness_ Results of a Multicenter Randomized Trial on the Effectiveness of Placement Budgets for Supported Employment.pdf,2019,,Frontiers in Psychiatry,True,SciHub,"RÃ¶ssler, Wulf and Ujeyl, Mariam and Kawohl, Wolfram and Nordt, Carlos and Lasalvia, Antonio and Haker, Helene and Hengartner, Michael P."
Does Competitive Work Improve Quality of Life for Adults with Severe Mental Illness? Evidence from a Randomized Trial of Supported Employment,,10.1007/s11414-014-9392-0,True,Does Competitive Work Improve Quality of Life for Adults with Severe Mental Illness_ Evidence from a Randomized Trial of Supported Employment.pdf,2014,,The Journal of Behavioral Health Services &amp; Research,True,SciHub,"Gold, Paul B. and Macias, Cathaleene and Rodican, Charles F."
,,10.36148/2284-0249-346,False,,,,,False,,
An RCT Evaluating the Effects of Skills Training and Medication Type on Work Outcomes Among Patients With Schizophrenia,,10.1176/appi.ps.201500171,True,An RCT Evaluating the Effects of Skills Training and Medication Type on Work Outcomes Among Patients With Schizophrenia.pdf,2017,,Psychiatric Services,True,SciHub,"Glynn, Shirley M. and Marder, Stephen R. and Noordsy, Douglas L. and O’Keefe, Christopher and Becker, Deborah R. and Drake, Robert E. and Sugar, Catherine A."
Impacts de la combinaison de programmes de soutien à l’emploi et de remédiation cognitive sur le maintien en emploi de personnes souffrant de schizophrénie : une méta-analyse,,10.1016/j.amp.2018.01.015,True,Impacts de la combinaison de programmes de soutien à l_emploi et de remédiation cognitive sur le maintien en emploi de personnes souffrant de schizophrénie__ une méta-analyse.pdf,2019,,"Annales Médico-psychologiques, revue psychiatrique",True,SciHub,"Sauvé, Geneviève and Lepage, Martin and Corbière, Marc"
Vocational interventions to help adults with long-term health conditions or disabilities gain and maintain paid work: an overview of systematic reviews,,10.1136/bmjopen-2021-049522,True,,2021,,BMJ Open,False,,"Levack, William Mark Magnus and Fadyl, Joanna Kirstin"
Effectiveness of supported employment in non-trial routine implementation: systematic review and meta-analysis,,10.1007/s00127-018-1577-z,True,Effectiveness of supported employment in non-trial routine implementation_ systematic review and meta-analysis.pdf,2018,,Social Psychiatry and Psychiatric Epidemiology,True,SciHub,"Richter, Dirk and Hoffmann, Holger"
Exploring the potential cost-effectiveness of a vocational rehabilitation program for individuals with schizophrenia in a high-income welfare society,,10.1186/s12888-019-2130-7,True,Exploring the potential cost-effectiveness of a vocational rehabilitation program for individuals with schizophrenia in a high-income welfare society.pdf,2019,,BMC Psychiatry,True,SciHub,"Evensen, Stig and Wisløff, Torbjørn and Lystad, June Ullevoldsæter and Bull, Helen and Martinsen, Egil W. and Ueland, Torill and Falkum, Erik"
Comparing Service Use and Costs of Individual Placement and Support With Usual Vocational Services for Veterans With PTSD,,10.1176/appi.ps.202100197,True,,2022,,Psychiatric Services,False,,"Jordan, Neil and Stroupe, Kevin T. and Richman, Joshua and Pogoda, Terri K. and Cao, Lishan and Kertesz, Stefan and Kyriakides, Tassos C. and Bond, Gary R. and Davis, Lori L."
How do supported employment programs work? Answers from a systematic literature review,,10.1007/s10775-022-09533-3,True,,2022,,International Journal for Educational and Vocational Guidance,False,,"Sundermann, Larissa M. and Haunberger, Sigrid and Gisler, Fiona and Kita, Zuzanne"
Benefits of Cognitive Remediation and Supported Employment for Schizophrenia Patients With Poor Community Functioning,,10.1176/appi.ps.201200505,True,Benefits of Cognitive Remediation and Supported Employment for Schizophrenia Patients With Poor Community Functioning.pdf,2014,,Psychiatric Services,True,SciHub,"Bell, Morris D. and Choi, Kee-Hong and Dyer, Christina and Wexler, Bruce E."
Effectiveness of employment‐based interventions for persons experiencing homelessness: A systematic review,,10.1111/hsc.13892,True,,2022,,Health &amp; Social Care in the Community,False,,"Marshall, Carrie Anne and Boland, Leonie and Westover, Lee Ann and Goldszmidt, Rebecca and Bengall, Jordana and Aryobi, Suliman and Isard, Roxanne and Easton, Corinna and Gewurtz, Rebecca"
Can Active Labour Market Programmes Emulate the Mental Health Benefits of Regular Paid Employment? Longitudinal Evidence from the United Kingdom,,10.1177/0950017020946664,True,Can Active Labour Market Programmes Emulate the Mental Health Benefits of Regular Paid Employment_ Longitudinal Evidence from the United Kingdom.pdf,2020,,"Work, Employment and Society",True,SciHub,"Wang, Senhu and Coutts, Adam and Burchell, Brendan and Kamerāde, Daiga and Balderson, Ursula"
Remédiation cognitive et insertion professionnelle dans la schizophrénie,,10.1016/j.encep.2014.04.004,True,Remédiation cognitive et insertion professionnelle dans la schizophrénie.pdf,2014,,L’Encéphale,True,SciHub,"Franck, N."
"EEPIC - Enhancing Employability through Positive Interventions for improving Career potential: the impact of a high support career guidance intervention on the wellbeing, hopefulness, self-efficacy and employability of the long-term unemployed - a study protocol for a randomised controlled trial",,10.1186/s13063-018-2485-y,True,,2018,,Trials,False,,"Whelan, Nuala and McGilloway, Sin√©ad and Murphy, Mary P. and McGuinness, Colm"
Is supported employment effective for Disability Insurance recipients with mental health conditions? Evidence from a randomized experiment in Belgium,,10.1016/j.jhealeco.2024.102958,True,,2025,,Journal of Health Economics,False,,"Fontenay, SÃ©bastien and Tojerow, Ilan"
Young adults at risk of early work disability: who are they?,,10.1186/s12889-018-6095-0,True,Young adults at risk of early work disability_ who are they_.pdf,2018,,BMC Public Health,True,SciHub,"Sveinsdottir, Vigdis and Eriksen, Hege Randi and Baste, Valborg and Hetland, JÃ¸rn and Reme, Silje Endresen"
Vocational rehabilitation for adults with psychotic disorders in a Scandinavian welfare society,,10.1186/s12888-016-1183-0,True,Vocational rehabilitation for adults with psychotic disorders in a Scandinavian welfare society.pdf,2017,,BMC Psychiatry,True,SciHub,"Falkum, Erik and Klungsøyr, Ole and Lystad, June Ullevoldsæter and Bull, Helen Christine and Evensen, Stig and Martinsen, Egil W. and Friis, Svein and Ueland, Torill"
"Influence of an Interdisciplinary Re-employment Programme Among Unemployed Persons with Mental Health Problems on Health, Social Participation and Paid Employment",,10.1007/s10926-017-9704-3,True,Influence of an Interdisciplinary Re-employment Programme Among Unemployed Persons with Mental Health Problems on Health_ Social Participation and Paid Employment.pdf,2017,,Journal of Occupational Rehabilitation,True,SciHub,"Carlier, Bouwine E. and Schuring, Merel and Burdorf, Alex"
Cost-effectiveness of supported employment adapted for people with affective disorders,,10.1080/08039488.2017.1422801,True,Cost-effectiveness of supported employment adapted for people with affective disorders.pdf,2018,,Nordic Journal of Psychiatry,True,SciHub,"Saha, Sanjib and Bejerholm, Ulrika and Gerdtham, Ulf-G and Jarl, Johan"
Enhancing educational and vocational recovery in adolescents and young adults with early psychosis through Supported Employment and Education (SEEearly): study protocol for a multicenter randomized controlled trial,,10.1186/s13063-023-07462-2,True,,2023,,Trials,False,,"Jäckel, D. and Willert, A. and Brose, A. and Leopold, K. and Nischk, D. and Senner, S. and Pogarell, O. and Sachenbacher, S. and Lambert, M. and Rohenkohl, A. and Kling-Lourenco, P. and Rüsch, N. and Bermpohl, F. and Schouler-Ocak, M. and Disselhoff, V. and Skorupa, U. and Bechdolf, A."
Improving vocational outcomes of service users in an <scp>E</scp>arly <scp>I</scp>ntervention in <scp>P</scp>sychosis service,,10.1111/eip.12043,True,Improving vocational outcomes of service users in an _scp_E__scp_arly _scp_I__scp_ntervention in _scp_P__scp_sychosis service.pdf,2013,,Early Intervention in Psychiatry,True,SciHub,"Dudley, Robert and Nicholson, Marsha and Stott, Pauline and Spoors, George"
Effectiveness of job search interventions: A meta-analytic review.,,10.1037/a0035923,True,Effectiveness of job search interventions_ A meta-analytic review..pdf,2014,,Psychological Bulletin,True,SciHub,"Liu, Songqi and Huang, Jason L. and Wang, Mo"
Psychosocial Interventions for Adults With Schizophrenia: An Overview and Update of Systematic Reviews,,10.1176/appi.ps.202000649,True,,2022,,Psychiatric Services,False,,"McDonagh, Marian S. and Dana, Tracy and Kopelovich, Sarah L. and Monroe-DeVita, Maria and Blazina, Ian and Bougatsos, Christina and Grusing, Sara and Selph, Shelley S."
Improving work outcomes of dysthymia (persistent depressive disorder) in an employed population,,10.1016/j.genhosppsych.2015.04.001,True,Improving work outcomes of dysthymia _persistent depressive disorder_ in an employed population.pdf,2015,,General Hospital Psychiatry,True,SciHub,"Adler, David A. and Lerner, Debra and Visco, Zachary L. and Greenhill, Annabel and Chang, Hong and Cymerman, Elina and Azocar, Francisca and Rogers, William H."
